clade	gene	site	alt
B	nuc	2096	G
B	nuc	3572	C
B	nuc	3863	T

B1	nuc	938	G
B1	nuc	1346	T
B1	nuc	1994	C
B1	nuc	5774	T

B2	nuc	5566	C
B2	nuc	6932	C
B2	nuc	7277	G

B5	nuc	1409	A
B5	nuc	2009	G
B5	nuc	5415	C

B4	nuc	2930	G
B4	nuc	4301	T
B4	nuc	6335	C

B3	nuc	2768	T
B3	nuc	3296	G
B3	nuc	6968	G

C	nuc	1083	T
C	nuc	3485	G

C2r	nuc	2057	T
C2r	nuc	4706	C
C2r	nuc	5804	T

C2	nuc	2972	A
C2	nuc	4061	G
C2	nuc	5202	T
C2	nuc	7355	T

C3	nuc	809	G
C3	nuc	4193	C

C1	nuc	4610	C
C1	nuc	6209	A

C4	nuc	3014	A
C4	nuc	3863	C
C4	nuc	6173	T

C1-like	nuc	4226	T
C1-like	VP1	262	V

C2-like	nuc	505	G
C2-like	nuc	2855	C
C2-like	nuc	6479	C

C5	nuc	711	A
C5	nuc	4610	T
C5	nuc	6429	T
C5	nuc	7169	G

F	VP1	167	E
F	VP1	275	T
F	VP1	289	S
F	nuc	3065	C

A	nuc	1259	T
A	nuc	2939	C
A	nuc	5678	G
A	nuc	7196	C

E	nuc	992	C
E	nuc	2120	T
E	nuc	3230	A